Workbook

Sheet Dashboard
A1: DASHBOARD - ANALYSE ET GRAPHIQUES
A3: DERNIÈRE GW ENREGISTRÉE
A5: Ligue | B5: Participants | C5: Cash Pool | D5: EV | E5: Rang
A6: Ligue 1 | B6: =INDEX('Historique GW'!C:C,MATCH(9E+99,'Historique GW'!C:C)) -> 251 | C6: ='Config Rewards'!K6 -> 12350 | D6: =IF(B6>0,C6/B6,0) -> 49.203187 | E6: =IF(D6>0,RANK(D6,$D$6:$D$13,0),"") -> #REF!
A7: Premier League | B7: =INDEX('Historique GW'!D:D,MATCH(9E+99,'Historique GW'!D:D)) -> 326 | C7: ='Config Rewards'!K7 -> 16100 | D7: =IF(B7>0,C7/B7,0) -> 49.386503 | E7: =IF(D7>0,RANK(D7,$D$6:$D$13,0),"") -> #REF!
A8: LaLiga | B8: =INDEX('Historique GW'!E:E,MATCH(9E+99,'Historique GW'!E:E)) -> 297 | C8: ='Config Rewards'!K8 -> 12725 | D8: =IF(B8>0,C8/B8,0) -> 42.845118 | E8: =IF(D8>0,RANK(D8,$D$6:$D$13,0),"") -> #REF!
A9: Bundesliga | B9: =INDEX('Historique GW'!F:F,MATCH(9E+99,'Historique GW'!F:F)) -> 273 | C9: ='Config Rewards'!K9 -> 12350 | D9: =IF(B9>0,C9/B9,0) -> 45.238095 | E9: =IF(D9>0,RANK(D9,$D$6:$D$13,0),"") -> #REF!
A10: Eredivisie | B10: =INDEX('Historique GW'!G:G,MATCH(9E+99,'Historique GW'!G:G)) -> 192 | C10: ='Config Rewards'!K10 -> 6600 | D10: =IF(B10>0,C10/B10,0) -> 34.375 | E10: =IF(D10>0,RANK(D10,$D$6:$D$13,0),"") -> #REF!
A11: Jupiler Pro | B11: =INDEX('Historique GW'!H:H,MATCH(9E+99,'Historique GW'!H:H)) -> 188 | C11: ='Config Rewards'!K11 -> 5200 | D11: =IF(B11>0,C11/B11,0) -> 27.659574 | E11: =IF(D11>0,RANK(D11,$D$6:$D$13,0),"") -> #REF!
A12: Challenger | B12: =INDEX('Historique GW'!#REF!,MATCH(9E+99,'Historique GW'!#REF!)) -> #REF! | C12: ='Config Rewards'!K12 -> 4875 | D12: =IF(B12>0,C12/B12,0) -> #REF! | E12: =IF(D12>0,RANK(D12,$D$6:$D$13,0),"") -> #REF!
A13: Contender | B13: =INDEX('Historique GW'!#REF!,MATCH(9E+99,'Historique GW'!#REF!)) -> #REF! | C13: ='Config Rewards'!K13 -> 4000 | D13: =IF(B13>0,C13/B13,0) -> #REF! | E13: =IF(D13>0,RANK(D13,$D$6:$D$13,0),"") -> #REF!
A16: DONNÉES POUR GRAPHIQUES (auto-calculées)
A17: GW | B17: Ligue 1 | C17: Premier League | D17: LaLiga | E17: Bundesliga | F17: Eredivisie | G17: Jupiler Pro | H17: Challenger | I17: Contender
A18: ='Historique GW'!A6 -> 1 | B18: ='Historique GW'!C6 -> 67 | C18: ='Historique GW'!D6 -> 103 | D18: ='Historique GW'!E6 -> 83 | E18: ='Historique GW'!F6 -> 0 | F18: ='Historique GW'!G6 -> 97 | G18: ='Historique GW'!H6 -> 113 | H18: ='Historique GW'!#REF! -> #REF! | I18: ='Historique GW'!#REF! -> #REF!
A19: ='Historique GW'!A7 -> 3 | B19: ='Historique GW'!C7 -> 118 | C19: ='Historique GW'!D7 -> 155 | D19: ='Historique GW'!E7 -> 146 | E19: ='Historique GW'!F7 -> 75 | F19: ='Historique GW'!G7 -> 80 | G19: ='Historique GW'!H7 -> 75 | H19: ='Historique GW'!#REF! -> #REF! | I19: ='Historique GW'!#REF! -> #REF!
A20: ='Historique GW'!A8 -> 5 | B20: ='Historique GW'!C8 -> 122 | C20: ='Historique GW'!D8 -> 168 | D20: ='Historique GW'!E8 -> 156 | E20: ='Historique GW'!F8 -> 135 | F20: ='Historique GW'!G8 -> 99 | G20: ='Historique GW'!H8 -> 137 | H20: ='Historique GW'!#REF! -> #REF! | I20: ='Historique GW'!#REF! -> #REF!
A21: ='Historique GW'!A9 -> 9 | B21: ='Historique GW'!C9 -> 148 | C21: ='Historique GW'!D9 -> 185 | D21: ='Historique GW'!E9 -> 189 | E21: ='Historique GW'!F9 -> 157 | F21: ='Historique GW'!G9 -> 121 | G21: ='Historique GW'!H9 -> 147 | H21: ='Historique GW'!#REF! -> #REF! | I21: ='Historique GW'!#REF! -> #REF!
A22: ='Historique GW'!A10 -> 11 | B22: ='Historique GW'!C10 -> 162 | C22: ='Historique GW'!D10 -> 205 | D22: ='Historique GW'!E10 -> 197 | E22: ='Historique GW'!F10 -> 169 | F22: ='Historique GW'!G10 -> 127 | G22: ='Historique GW'!H10 -> 144 | H22: ='Historique GW'!#REF! -> #REF! | I22: ='Historique GW'!#REF! -> #REF!
A23: ='Historique GW'!A11 -> 13 | B23: ='Historique GW'!C11 -> 184 | C23: ='Historique GW'!D11 -> 223 | D23: ='Historique GW'!E11 -> 224 | E23: ='Historique GW'!F11 -> 189 | F23: ='Historique GW'!G11 -> 141 | G23: ='Historique GW'!H11 -> 145 | H23: ='Historique GW'!#REF! -> #REF! | I23: ='Historique GW'!#REF! -> #REF!
A24: ='Historique GW'!A12 -> 15 | B24: ='Historique GW'!C12 -> 188 | C24: ='Historique GW'!D12 -> 230 | D24: ='Historique GW'!E12 -> 230 | E24: ='Historique GW'!F12 -> 196 | F24: ='Historique GW'!G12 -> 148 | G24: ='Historique GW'!H12 -> 145 | H24: ='Historique GW'!#REF! -> #REF! | I24: ='Historique GW'!#REF! -> #REF!
A25: ='Historique GW'!A13 -> 19 | B25: ='Historique GW'!C13 -> 202 | C25: ='Historique GW'!D13 -> 239 | D25: ='Historique GW'!E13 -> 259 | E25: ='Historique GW'!F13 -> 211 | F25: ='Historique GW'!G13 -> 155 | G25: ='Historique GW'!H13 -> 154 | H25: ='Historique GW'!#REF! -> #REF! | I25: ='Historique GW'!#REF! -> #REF!
A26: ='Historique GW'!A14 -> 21 | B26: ='Historique GW'!C14 -> 210 | C26: ='Historique GW'!D14 -> 248 | D26: ='Historique GW'!E14 -> 251 | E26: ='Historique GW'!F14 -> 213 | F26: ='Historique GW'!G14 -> 154 | G26: ='Historique GW'!H14 -> 155 | H26: ='Historique GW'!#REF! -> #REF! | I26: ='Historique GW'!#REF! -> #REF!
A27: ='Historique GW'!A15 -> 22 | B27: ='Historique GW'!C15 -> 201 | C27: ='Historique GW'!D15 -> 0 | D27: ='Historique GW'!E15 -> 0 | E27: ='Historique GW'!F15 -> 0 | F27: ='Historique GW'!G15 -> 0 | G27: ='Historique GW'!H15 -> 0 | H27: ='Historique GW'!#REF! -> #REF! | I27: ='Historique GW'!#REF! -> #REF!
A28: ='Historique GW'!A16 -> 23 | B28: ='Historique GW'!C16 -> 205 | C28: ='Historique GW'!D16 -> 256 | D28: ='Historique GW'!E16 -> 255 | E28: ='Historique GW'!F16 -> 215 | F28: ='Historique GW'!G16 -> 160 | G28: ='Historique GW'!H16 -> 154 | H28: ='Historique GW'!#REF! -> #REF! | I28: ='Historique GW'!#REF! -> #REF!
A29: ='Historique GW'!A17 -> 25 | B29: ='Historique GW'!C17 -> 212 | C29: ='Historique GW'!D17 -> 262 | D29: ='Historique GW'!E17 -> 256 | E29: ='Historique GW'!F17 -> 231 | F29: ='Historique GW'!G17 -> 173 | G29: ='Historique GW'!H17 -> 162 | H29: ='Historique GW'!#REF! -> #REF! | I29: ='Historique GW'!#REF! -> #REF!
... A32: ='Historique GW'!A20 -> 33 | B32: ='Historique GW'!C20 -> 226 | C32: ='Historique GW'!D20 -> 294 | D32: ='Historique GW'!E20 -> 285 | E32: ='Historique GW'!F20 -> 241 | F32: ='Historique GW'!G20 -> 185 | G32: ='Historique GW'!H20 -> 165 | H32: ='Historique GW'!#REF! -> #REF! | I32: ='Historique GW'!#REF! -> #REF!
A35: EV par ligue (dernière GW)
A36: Ligue 1 | B36: =D6 -> 49.203187
A37: Premier League | B37: =D7 -> 49.386503
A38: LaLiga | B38: =D8 -> 42.845118
A39: Bundesliga | B39: =D9 -> 45.238095
A40: Eredivisie | B40: =D10 -> 34.375
A41: Jupiler Pro | B41: =D11 -> 27.659574
A42: Challenger | B42: =D12 -> #REF!
A43: Contender | B43: =D13 -> #REF!

Sheet Historique GW
A1: HISTORIQUE DES PARTICIPANTS PAR GAMEWEEK
A3: Entre le numéro de GW et le nombre de participants pour chaque ligue (cellules BLEUES)
A5: GW | B5: Date | C5: Ligue 1 | D5: Premier League | E5: LaLiga | F5: Bundesliga | G5: Eredivisie | H5: Jupiler Pro | I5: GW
A6: 1 | B6: 46249 | C6: 67 | D6: 103 | E6: 83 | G6: 97 | H6: 113 | I6: 1
A7: 3 | B7: 46256 | C7: 118 | D7: 155 | E7: 146 | F7: 75 | G7: 80 | H7: 75 | I7: 3
A8: 5 | B8: 46263 | C8: 122 | D8: 168 | E8: 156 | F8: 135 | G8: 99 | H8: 137 | I8: 5
A9: 9 | B9: 46277 | C9: 148 | D9: 185 | E9: 189 | F9: 157 | G9: 121 | H9: 147 | I9: 9
A10: 11 | B10: 46284 | C10: 162 | D10: 205 | E10: 197 | F10: 169 | G10: 127 | H10: 144 | I10: 11
A11: 13 | B11: 46291 | C11: 184 | D11: 223 | E11: 224 | F11: 189 | G11: 141 | H11: 145 | I11: 13
A12: 15 | B12: 46298 | C12: 188 | D12: 230 | E12: 230 | F12: 196 | G12: 148 | H12: 145 | I12: 15
A13: 19 | B13: 46312 | C13: 202 | D13: 239 | E13: 259 | F13: 211 | G13: 155 | H13: 154 | I13: 19
A14: 21 | B14: 46319 | C14: 210 | D14: 248 | E14: 251 | F14: 213 | G14: 154 | H14: 155 | I14: 21
A15: 22 | B15: 46323 | C15: 201 | I15: 22
A16: 23 | B16: 46326 | C16: 205 | D16: 256 | E16: 255 | F16: 215 | G16: 160 | H16: 154 | I16: 23
A17: 25 | B17: 46333 | C17: 212 | D17: 262 | E17: 256 | F17: 231 | G17: 173 | H17: 162 | I17: 25
A18: 29 | B18: 46347 | C18: 217 | D18: 274 | E18: 273 | F18: 238 | G18: 180 | H18: 164 | I18: 29
A19: 31 | B19: 46354 | C19: 222 | D19: 285 | E19: 282 | F19: 242 | G19: 184 | H19: 168 | I19: 31
A20: 33 | B20: 46361 | C20: 226 | D20: 294 | E20: 285 | F20: 241 | G20: 185 | H20: 165 | I20: 33
A21: 35 | B21: 46368 | C21: 234 | D21: 300 | E21: 272 | F21: 247 | G21: 165 | H21: 171 | I21: 35
A22: 41 | B22: 46024 | C22: 233 | D22: 302 | E22: 286 | G22: 194 | I22: 41
A23: 45 | B23: 46038 | C23: 248 | D23: 325 | E23: 288 | F23: 272 | G23: 218 | H23: 189 | I23: 45
A24: 47 | B24: 23 | C24: 251 | D24: 326 | E24: 297 | F24: 273 | G24: 192 | H24: 188 | I24: 47
A25: 49 | B25: 46052 | I25: 49

Sheet Calcul EV
A1: CALCUL EV AUTOMATIQUE PAR GAMEWEEK
A3: Les EV sont calculés automatiquement à partir de l'historique et des récompenses configurées
A5: GW | B5: EV Ligue 1 | C5: EV Premier League | D5: EV LaLiga | E5: EV Bundesliga | F5: EV Eredivisie | G5: EV Jupiler Pro | H5: Meilleure Ligue
A6: ='Historique GW'!A6 -> 1 | B6: =IF('Historique GW'!C6>0,'Config Rewards'!$K$6/'Historique GW'!C6,"") -> 184.32836 | C6: =IF('Historique GW'!D6>0,'Config Rewards'!$K$7/'Historique GW'!D6,"") -> 156.31068 | D6: =IF('Historique GW'!E6>0,'Config Rewards'!$K$8/'Historique GW'!E6,"") -> 153.31325 | E6: =IF('Historique GW'!F6>0,'Config Rewards'!$K$9/'Historique GW'!F6,"") | F6: =IF('Historique GW'!G6>0,'Config Rewards'!$K$10/'Historique GW'!G6,"") -> 68.041237 | H6: =IF(B6<>"",INDEX($B$5:$G$5,MATCH(MAX(B6:G6),B6:G6,0)),"") -> EV Ligue 1
A7: ='Historique GW'!A7 -> 3 | B7: =IF('Historique GW'!C7>0,'Config Rewards'!$K$6/'Historique GW'!C7,"") -> 104.66102 | C7: =IF('Historique GW'!D7>0,'Config Rewards'!$K$7/'Historique GW'!D7,"") -> 103.87097 | D7: =IF('Historique GW'!E7>0,'Config Rewards'!$K$8/'Historique GW'!E7,"") -> 87.157534 | E7: =IF('Historique GW'!F7>0,'Config Rewards'!$K$9/'Historique GW'!F7,"") -> 164.66667 | F7: =IF('Historique GW'!G7>0,'Config Rewards'!$K$10/'Historique GW'!G7,"") -> 82.5 | G7: =IF('Historique GW'!H7>0,'Config Rewards'!$K$11/'Historique GW'!H7,"") -> 69.333333 | H7: =IF(B7<>"",INDEX($B$5:$G$5,MATCH(MAX(B7:G7),B7:G7,0)),"") -> EV Bundesliga
A8: ='Historique GW'!A8 -> 5 | B8: =IF('Historique GW'!C8>0,'Config Rewards'!$K$6/'Historique GW'!C8,"") -> 101.22951 | C8: =IF('Historique GW'!D8>0,'Config Rewards'!$K$7/'Historique GW'!D8,"") -> 95.833333 | D8: =IF('Historique GW'!E8>0,'Config Rewards'!$K$8/'Historique GW'!E8,"") -> 81.570513 | E8: =IF('Historique GW'!F8>0,'Config Rewards'!$K$9/'Historique GW'!F8,"") -> 91.481481 | F8: =IF('Historique GW'!G8>0,'Config Rewards'!$K$10/'Historique GW'!G8,"") -> 66.666667 | G8: =IF('Historique GW'!H8>0,'Config Rewards'!$K$11/'Historique GW'!H8,"") -> 37.956204 | H8: =IF(B8<>"",INDEX($B$5:$G$5,MATCH(MAX(B8:G8),B8:G8,0)),"") -> EV Ligue 1
A9: ='Historique GW'!A9 -> 9 | B9: =IF('Historique GW'!C9>0,'Config Rewards'!$K$6/'Historique GW'!C9,"") -> 83.445946 | C9: =IF('Historique GW'!D9>0,'Config Rewards'!$K$7/'Historique GW'!D9,"") -> 87.027027 | D9: =IF('Historique GW'!E9>0,'Config Rewards'!$K$8/'Historique GW'!E9,"") -> 67.328042 | E9: =IF('Historique GW'!F9>0,'Config Rewards'!$K$9/'Historique GW'!F9,"") -> 78.66242 | F9: =IF('Historique GW'!G9>0,'Config Rewards'!$K$10/'Historique GW'!G9,"") -> 54.545455 | G9: =IF('Historique GW'!H9>0,'Config Rewards'!$K$11/'Historique GW'!H9,"") -> 35.37415 | H9: =IF(B9<>"",INDEX($B$5:$G$5,MATCH(MAX(B9:G9),B9:G9,0)),"") -> EV Premier League
A10: ='Historique GW'!A10 -> 11 | B10: =IF('Historique GW'!C10>0,'Config Rewards'!$K$6/'Historique GW'!C10,"") -> 76.234568 | C10: =IF('Historique GW'!D10>0,'Config Rewards'!$K$7/'Historique GW'!D10,"") -> 78.536585 | D10: =IF('Historique GW'!E10>0,'Config Rewards'!$K$8/'Historique GW'!E10,"") -> 64.593909 | E10: =IF('Historique GW'!F10>0,'Config Rewards'!$K$9/'Historique GW'!F10,"") -> 73.076923 | F10: =IF('Historique GW'!G10>0,'Config Rewards'!$K$10/'Historique GW'!G10,"") -> 51.968504 | G10: =IF('Historique GW'!H10>0,'Config Rewards'!$K$11/'Historique GW'!H10,"") -> 36.111111 | H10: =IF(B10<>"",INDEX($B$5:$G$5,MATCH(MAX(B10:G10),B10:G10,0)),"") -> EV Premier League
A11: ='Historique GW'!A11 -> 13 | B11: =IF('Historique GW'!C11>0,'Config Rewards'!$K$6/'Historique GW'!C11,"") -> 67.119565 | C11: =IF('Historique GW'!D11>0,'Config Rewards'!$K$7/'Historique GW'!D11,"") -> 72.197309 | D11: =IF('Historique GW'!E11>0,'Config Rewards'!$K$8/'Historique GW'!E11,"") -> 56.808036 | E11: =IF('Historique GW'!F11>0,'Config Rewards'!$K$9/'Historique GW'!F11,"") -> 65.343915 | F11: =IF('Historique GW'!G11>0,'Config Rewards'!$K$10/'Historique GW'!G11,"") -> 46.808511 | G11: =IF('Historique GW'!H11>0,'Config Rewards'!$K$11/'Historique GW'!H11,"") -> 35.862069 | H11: =IF(B11<>"",INDEX($B$5:$G$5,MATCH(MAX(B11:G11),B11:G11,0)),"") -> EV Premier League
A12: ='Historique GW'!A12 -> 15 | B12: =IF('Historique GW'!C12>0,'Config Rewards'!$K$6/'Historique GW'!C12,"") -> 65.691489 | C12: =IF('Historique GW'!D12>0,'Config Rewards'!$K$7/'Historique GW'!D12,"") -> 70 | D12: =IF('Historique GW'!E12>0,'Config Rewards'!$K$8/'Historique GW'!E12,"") -> 55.326087 | E12: =IF('Historique GW'!F12>0,'Config Rewards'!$K$9/'Historique GW'!F12,"") -> 63.010204 | F12: =IF('Historique GW'!G12>0,'Config Rewards'!$K$10/'Historique GW'!G12,"") -> 44.594595 | G12: =IF('Historique GW'!H12>0,'Config Rewards'!$K$11/'Historique GW'!H12,"") -> 35.862069 | H12: =IF(B12<>"",INDEX($B$5:$G$5,MATCH(MAX(B12:G12),B12:G12,0)),"") -> EV Premier League
A13: ='Historique GW'!A13 -> 19 | B13: =IF('Historique GW'!C13>0,'Config Rewards'!$K$6/'Historique GW'!C13,"") -> 61.138614 | C13: =IF('Historique GW'!D13>0,'Config Rewards'!$K$7/'Historique GW'!D13,"") -> 67.364017 | D13: =IF('Historique GW'!E13>0,'Config Rewards'!$K$8/'Historique GW'!E13,"") -> 49.131274 | E13: =IF('Historique GW'!F13>0,'Config Rewards'!$K$9/'Historique GW'!F13,"") -> 58.530806 | F13: =IF('Historique GW'!G13>0,'Config Rewards'!$K$10/'Historique GW'!G13,"") -> 42.580645 | G13: =IF('Historique GW'!H13>0,'Config Rewards'!$K$11/'Historique GW'!H13,"") -> 33.766234 | H13: =IF(B13<>"",INDEX($B$5:$G$5,MATCH(MAX(B13:G13),B13:G13,0)),"") -> EV Premier League
A14: ='Historique GW'!A14 -> 21 | B14: =IF('Historique GW'!C14>0,'Config Rewards'!$K$6/'Historique GW'!C14,"") -> 58.809524 | C14: =IF('Historique GW'!D14>0,'Config Rewards'!$K$7/'Historique GW'!D14,"") -> 64.919355 | D14: =IF('Historique GW'!E14>0,'Config Rewards'!$K$8/'Historique GW'!E14,"") -> 50.697211 | E14: =IF('Historique GW'!F14>0,'Config Rewards'!$K$9/'Historique GW'!F14,"") -> 57.981221 | F14: =IF('Historique GW'!G14>0,'Config Rewards'!$K$10/'Historique GW'!G14,"") -> 42.857143 | G14: =IF('Historique GW'!H14>0,'Config Rewards'!$K$11/'Historique GW'!H14,"") -> 33.548387 | H14: =IF(B14<>"",INDEX($B$5:$G$5,MATCH(MAX(B14:G14),B14:G14,0)),"") -> EV Premier League
A15: ='Historique GW'!A15 -> 22 | B15: =IF('Historique GW'!C15>0,'Config Rewards'!$K$6/'Historique GW'!C15,"") -> 61.442786 | C15: =IF('Historique GW'!D15>0,'Config Rewards'!$K$7/'Historique GW'!D15,"") | D15: =IF('Historique GW'!E15>0,'Config Rewards'!$K$8/'Historique GW'!E15,"") | E15: =IF('Historique GW'!F15>0,'Config Rewards'!$K$9/'Historique GW'!F15,"") | F15: =IF('Historique GW'!G15>0,'Config Rewards'!$K$10/'Historique GW'!G15,"") | G15: =IF('Historique GW'!H15>0,'Config Rewards'!$K$11/'Historique GW'!H15,"") | H15: =IF(B15<>"",INDEX($B$5:$G$5,MATCH(MAX(B15:G15),B15:G15,0)),"") -> EV Ligue 1
A16: ='Historique GW'!A16 -> 23 | B16: =IF('Historique GW'!C16>0,'Config Rewards'!$K$6/'Historique GW'!C16,"") -> 60.243902 | C16: =IF('Historique GW'!D16>0,'Config Rewards'!$K$7/'Historique GW'!D16,"") -> 62.890625 | D16: =IF('Historique GW'!E16>0,'Config Rewards'!$K$8/'Historique GW'!E16,"") -> 49.901961 | E16: =IF('Historique GW'!F16>0,'Config Rewards'!$K$9/'Historique GW'!F16,"") -> 57.44186 | F16: =IF('Historique GW'!G16>0,'Config Rewards'!$K$10/'Historique GW'!G16,"") -> 41.25 | G16: =IF('Historique GW'!H16>0,'Config Rewards'!$K$11/'Historique GW'!H16,"") -> 33.766234 | H16: =IF(B16<>"",INDEX($B$5:$G$5,MATCH(MAX(B16:G16),B16:G16,0)),"") -> EV Premier League
A17: ='Historique GW'!A17 -> 25 | B17: =IF('Historique GW'!C17>0,'Config Rewards'!$K$6/'Historique GW'!C17,"") -> 58.254717 | C17: =IF('Historique GW'!D17>0,'Config Rewards'!$K$7/'Historique GW'!D17,"") -> 61.450382 | D17: =IF('Historique GW'!E17>0,'Config Rewards'!$K$8/'Historique GW'!E17,"") -> 49.707031 | E17: =IF('Historique GW'!F17>0,'Config Rewards'!$K$9/'Historique GW'!F17,"") -> 53.463203 | F17: =IF('Historique GW'!G17>0,'Config Rewards'!$K$10/'Historique GW'!G17,"") -> 38.150289 | G17: =IF('Historique GW'!H17>0,'Config Rewards'!$K$11/'Historique GW'!H17,"") -> 32.098765 | H17: =IF(B17<>"",INDEX($B$5:$G$5,MATCH(MAX(B17:G17),B17:G17,0)),"") -> EV Premier League
A18: ='Historique GW'!A18 -> 29 | B18: =IF('Historique GW'!C18>0,'Config Rewards'!$K$6/'Historique GW'!C18,"") -> 56.912442 | C18: =IF('Historique GW'!D18>0,'Config Rewards'!$K$7/'Historique GW'!D18,"") -> 58.759124 | D18: =IF('Historique GW'!E18>0,'Config Rewards'!$K$8/'Historique GW'!E18,"") -> 46.611722 | E18: =IF('Historique GW'!F18>0,'Config Rewards'!$K$9/'Historique GW'!F18,"") -> 51.890756 | F18: =IF('Historique GW'!G18>0,'Config Rewards'!$K$10/'Historique GW'!G18,"") -> 36.666667 | G18: =IF('Historique GW'!H18>0,'Config Rewards'!$K$11/'Historique GW'!H18,"") -> 31.707317 | H18: =IF(B18<>"",INDEX($B$5:$G$5,MATCH(MAX(B18:G18),B18:G18,0)),"") -> EV Premier League
... A35: ='Historique GW'!A35 -> 0 | B35: =IF('Historique GW'!C35>0,'Config Rewards'!$K$6/'Historique GW'!C35,"") | C35: =IF('Historique GW'!D35>0,'Config Rewards'!$K$7/'Historique GW'!D35,"") | D35: =IF('Historique GW'!E35>0,'Config Rewards'!$K$8/'Historique GW'!E35,"") | E35: =IF('Historique GW'!F35>0,'Config Rewards'!$K$9/'Historique GW'!F35,"") | F35: =IF('Historique GW'!G35>0,'Config Rewards'!$K$10/'Historique GW'!G35,"") | G35: =IF('Historique GW'!H35>0,'Config Rewards'!$K$11/'Historique GW'!H35,"") | H35: =IF(B35<>"",INDEX($B$5:$G$5,MATCH(MAX(B35:G35),B35:G35,0)),"")

Sheet Config Rewards
A1: CONFIGURATION DES PALIERS DE RÉCOMPENSES PAR LIGUE
A3: Modifie les cellules BLEUES si les prize pools changent
A5: Ligue | B5: 1er | C5: 2e | D5: 3e | E5: 4e | F5: 5e | G5: 6-10e | H5: 11-15e | I5: 16-20e | J5: 21-25e | K5: Total Cash | L5: Places Cash
A6: Ligue 1 | B6: 4000 | C6: 2000 | D6: 1000 | E6: 600 | F6: 500 | G6: 400 | H6: 300 | I6: 150 | J6: 0 | K6: =B6+C6+D6+E6+F6+G6*5+H6*5+I6*5+IF(J6>0,J6*5,0) -> 12350 | L6: =5+5+5+IF(J6>0,5,0) -> 15
A7: Premier League | B7: 5000 | C7: 2500 | D7: 1200 | E7: 800 | F7: 600 | G7: 500 | H7: 400 | I7: 200 | J7: 100 | K7: =B7+C7+D7+E7+F7+G7*5+H7*5+I7*5+IF(J7>0,J7*5,0) -> 16100 | L7: =5+5+5+IF(J7>0,5,0) -> 20
A8: LaLiga | B8: 4000 | C8: 2000 | D8: 1000 | E8: 600 | F8: 500 | G8: 400 | H8: 300 | I8: 150 | J8: 75 | K8: =B8+C8+D8+E8+F8+G8*5+H8*5+I8*5+IF(J8>0,J8*5,0) -> 12725 | L8: =5+5+5+IF(J8>0,5,0) -> 20
A9: Bundesliga | B9: 4000 | C9: 2000 | D9: 1000 | E9: 600 | F9: 500 | G9: 400 | H9: 300 | I9: 150 | J9: 0 | K9: =B9+C9+D9+E9+F9+G9*5+H9*5+I9*5+IF(J9>0,J9*5,0) -> 12350 | L9: =5+5+5+IF(J9>0,5,0) -> 15
A10: Eredivisie | B10: 2500 | C10: 1200 | D10: 600 | E10: 400 | F10: 300 | G10: 150 | H10: 100 | I10: 70 | J10: 0 | K10: =B10+C10+D10+E10+F10+G10*5+H10*5+I10*5+IF(J10>0,J10*5,0) -> 6600 | L10: =5+5+5+IF(J10>0,5,0) -> 15
A11: Jupiler Pro | B11: 2000 | C11: 1000 | D11: 500 | E11: 300 | F11: 200 | G11: 120 | H11: 70 | I11: 50 | J11: 0 | K11: =B11+C11+D11+E11+F11+G11*5+H11*5+I11*5+IF(J11>0,J11*5,0) -> 5200 | L11: =5+5+5+IF(J11>0,5,0) -> 15
A12: Challenger | B12: 1875 | C12: 900 | D12: 450 | E12: 300 | F12: 225 | G12: 100 | H12: 75 | I12: 50 | J12: 0 | K12: =B12+C12+D12+E12+F12+G12*5+H12*5+I12*5+IF(J12>0,J12*5,0) -> 4875 | L12: =5+5+5+IF(J12>0,5,0) -> 15
A13: Contender | B13: 1500 | C13: 750 | D13: 375 | E13: 225 | F13: 150 | G13: 90 | H13: 50 | I13: 35 | J13: 25 | K13: =B13+C13+D13+E13+F13+G13*5+H13*5+I13*5+IF(J13>0,J13*5,0) -> 4000 | L13: =5+5+5+IF(J13>0,5,0) -> 20
A16: Note: 6-10e signifie la récompense pour CHAQUE place de 6 à 10 (soit 5 places)

Sheet Mon Edge
A1: CALCUL EV AJUSTÉ AVEC TON EDGE PERSONNEL
A3: Ajuste ton multiplicateur d'edge par ligue (1.0 = neutre, 1.3 = +30% de chances)
A5: Ligue | B5: EV Base | C5: Ton Edge | D5: EV Ajusté | E5: Rang Ajusté
A6: Ligue 1 | B6: =Dashboard!D6 -> 49.203187 | C6: 1.3 | D6: =B6*C6 -> 63.964143 | E6: =RANK(D6,$D$6:$D$13,0) -> #REF!
A7: Premier League | B7: =Dashboard!D7 -> 49.386503 | C7: 1 | D7: =B7*C7 -> 49.386503 | E7: =RANK(D7,$D$6:$D$13,0) -> #REF!
A8: LaLiga | B8: =Dashboard!D8 -> 42.845118 | C8: 1 | D8: =B8*C8 -> 42.845118 | E8: =RANK(D8,$D$6:$D$13,0) -> #REF!
A9: Bundesliga | B9: =Dashboard!D9 -> 45.238095 | C9: 1 | D9: =B9*C9 -> 45.238095 | E9: =RANK(D9,$D$6:$D$13,0) -> #REF!
A10: Eredivisie | B10: =Dashboard!D10 -> 34.375 | C10: 1.1 | D10: =B10*C10 -> 37.8125 | E10: =RANK(D10,$D$6:$D$13,0) -> #REF!
A11: Jupiler Pro | B11: =Dashboard!D11 -> 27.659574 | C11: 1.1 | D11: =B11*C11 -> 30.425532 | E11: =RANK(D11,$D$6:$D$13,0) -> #REF!
A12: Challenger | B12: =Dashboard!D12 -> #REF! | C12: 1 | D12: =B12*C12 -> #REF! | E12: =RANK(D12,$D$6:$D$13,0) -> #REF!
A13: Contender | B13: =Dashboard!D13 -> #REF! | C13: 1 | D13: =B13*C13 -> #REF! | E13: =RANK(D13,$D$6:$D$13,0) -> #REF!
A16: GUIDE EDGE:
A17: 0.8 = Désavantage (tu connais mal)
A18: 1.0 = Neutre
A19: 1.2 = Tu suis la ligue
A20: 1.3 = Tu connais bien les compos
A21: 1.5+ = Expert
